geo,name,time,Babies per woman
africa,Africa,1800,6.58
africa,Africa,1801,6.58
africa,Africa,1802,6.58
africa,Africa,1803,6.58
africa,Africa,1804,6.58
africa,Africa,1805,6.58
africa,Africa,1806,6.58
africa,Africa,1807,6.58
africa,Africa,1808,6.58
africa,Africa,1809,6.58
africa,Africa,1810,6.58
africa,Africa,1811,6.58
africa,Africa,1812,6.58
africa,Africa,1813,6.58
africa,Africa,1814,6.58
africa,Africa,1815,6.58
africa,Africa,1816,6.58
africa,Africa,1817,6.58
africa,Africa,1818,6.58
africa,Africa,1819,6.58
africa,Africa,1820,6.58
africa,Africa,1821,6.58
africa,Africa,1822,6.58
africa,Africa,1823,6.58
africa,Africa,1824,6.58
africa,Africa,1825,6.58
africa,Africa,1826,6.58
africa,Africa,1827,6.58
africa,Africa,1828,6.58
africa,Africa,1829,6.58
africa,Africa,1830,6.58
africa,Africa,1831,6.58
africa,Africa,1832,6.58
africa,Africa,1833,6.59
africa,Africa,1834,6.59
africa,Africa,1835,6.59
africa,Africa,1836,6.59
africa,Africa,1837,6.59
africa,Africa,1838,6.59
africa,Africa,1839,6.59
africa,Africa,1840,6.59
africa,Africa,1841,6.59
africa,Africa,1842,6.59
africa,Africa,1843,6.59
africa,Africa,1844,6.59
africa,Africa,1845,6.59
africa,Africa,1846,6.59
africa,Africa,1847,6.59
africa,Africa,1848,6.59
africa,Africa,1849,6.59
africa,Africa,1850,6.59
africa,Africa,1851,6.59
africa,Africa,1852,6.59
africa,Africa,1853,6.59
africa,Africa,1854,6.59
africa,Africa,1855,6.59
africa,Africa,1856,6.59
africa,Africa,1857,6.59
africa,Africa,1858,6.59
africa,Africa,1859,6.59
africa,Africa,1860,6.59
africa,Africa,1861,6.59
africa,Africa,1862,6.58
africa,Africa,1863,6.58
africa,Africa,1864,6.58
africa,Africa,1865,6.58
africa,Africa,1866,6.58
africa,Africa,1867,6.58
africa,Africa,1868,6.58
africa,Africa,1869,6.58
africa,Africa,1870,6.58
africa,Africa,1871,6.58
africa,Africa,1872,6.58
africa,Africa,1873,6.58
africa,Africa,1874,6.57
africa,Africa,1875,6.57
africa,Africa,1876,6.57
africa,Africa,1877,6.57
africa,Africa,1878,6.57
africa,Africa,1879,6.57
africa,Africa,1880,6.57
africa,Africa,1881,6.57
africa,Africa,1882,6.57
africa,Africa,1883,6.57
africa,Africa,1884,6.56
africa,Africa,1885,6.56
africa,Africa,1886,6.56
africa,Africa,1887,6.56
africa,Africa,1888,6.56
africa,Africa,1889,6.56
africa,Africa,1890,6.56
africa,Africa,1891,6.56
africa,Africa,1892,6.56
africa,Africa,1893,6.56
africa,Africa,1894,6.56
africa,Africa,1895,6.56
africa,Africa,1896,6.56
africa,Africa,1897,6.56
africa,Africa,1898,6.55
africa,Africa,1899,6.55
africa,Africa,1900,6.55
africa,Africa,1901,6.55
africa,Africa,1902,6.55
africa,Africa,1903,6.55
africa,Africa,1904,6.55
africa,Africa,1905,6.55
africa,Africa,1906,6.55
africa,Africa,1907,6.55
africa,Africa,1908,6.55
africa,Africa,1909,6.55
africa,Africa,1910,6.55
africa,Africa,1911,6.55
africa,Africa,1912,6.55
africa,Africa,1913,6.54
africa,Africa,1914,6.54
africa,Africa,1915,6.54
africa,Africa,1916,6.54
africa,Africa,1917,6.54
africa,Africa,1918,6.54
africa,Africa,1919,6.54
africa,Africa,1920,6.55
africa,Africa,1921,6.55
africa,Africa,1922,6.54
africa,Africa,1923,6.54
africa,Africa,1924,6.54
africa,Africa,1925,6.54
africa,Africa,1926,6.55
africa,Africa,1927,6.56
africa,Africa,1928,6.56
africa,Africa,1929,6.57
africa,Africa,1930,6.58
africa,Africa,1931,6.57
africa,Africa,1932,6.55
africa,Africa,1933,6.54
africa,Africa,1934,6.53
africa,Africa,1935,6.52
africa,Africa,1936,6.52
africa,Africa,1937,6.51
africa,Africa,1938,6.51
africa,Africa,1939,6.51
africa,Africa,1940,6.5
africa,Africa,1941,6.5
africa,Africa,1942,6.5
africa,Africa,1943,6.5
africa,Africa,1944,6.51
africa,Africa,1945,6.51
africa,Africa,1946,6.51
africa,Africa,1947,6.52
africa,Africa,1948,6.51
africa,Africa,1949,6.54
africa,Africa,1950,6.56
africa,Africa,1951,6.57
africa,Africa,1952,6.57
africa,Africa,1953,6.59
africa,Africa,1954,6.6
africa,Africa,1955,6.61
africa,Africa,1956,6.62
africa,Africa,1957,6.63
africa,Africa,1958,6.65
africa,Africa,1959,6.66
africa,Africa,1960,6.67
africa,Africa,1961,6.69
africa,Africa,1962,6.7
africa,Africa,1963,6.71
africa,Africa,1964,6.71
africa,Africa,1965,6.7
africa,Africa,1966,6.71
africa,Africa,1967,6.72
africa,Africa,1968,6.72
africa,Africa,1969,6.72
africa,Africa,1970,6.72
africa,Africa,1971,6.72
africa,Africa,1972,6.72
africa,Africa,1973,6.72
africa,Africa,1974,6.72
africa,Africa,1975,6.72
africa,Africa,1976,6.71
africa,Africa,1977,6.69
africa,Africa,1978,6.67
africa,Africa,1979,6.65
africa,Africa,1980,6.62
africa,Africa,1981,6.58
africa,Africa,1982,6.54
africa,Africa,1983,6.49
africa,Africa,1984,6.42
africa,Africa,1985,6.35
africa,Africa,1986,6.27
africa,Africa,1987,6.2
africa,Africa,1988,6.13
africa,Africa,1989,6.04
africa,Africa,1990,5.95
africa,Africa,1991,5.88
africa,Africa,1992,5.8
africa,Africa,1993,5.72
africa,Africa,1994,5.65
africa,Africa,1995,5.58
africa,Africa,1996,5.51
africa,Africa,1997,5.45
africa,Africa,1998,5.4
africa,Africa,1999,5.36
africa,Africa,2000,5.32
africa,Africa,2001,5.28
africa,Africa,2002,5.24
africa,Africa,2003,5.21
africa,Africa,2004,5.19
africa,Africa,2005,5.17
africa,Africa,2006,5.14
africa,Africa,2007,5.11
africa,Africa,2008,5.09
africa,Africa,2009,5.04
africa,Africa,2010,5
africa,Africa,2011,4.94
africa,Africa,2012,4.89
africa,Africa,2013,4.83
africa,Africa,2014,4.77
africa,Africa,2015,4.71
africa,Africa,2016,4.62
africa,Africa,2017,4.55
africa,Africa,2018,4.45
africa,Africa,2019,4.37
africa,Africa,2020,4.3
africa,Africa,2021,4.23
africa,Africa,2022,4.17
africa,Africa,2023,4.12
africa,Africa,2024,4.06
africa,Africa,2025,3.99
africa,Africa,2026,3.93
africa,Africa,2027,3.86
africa,Africa,2028,3.8
africa,Africa,2029,3.74
africa,Africa,2030,3.68
africa,Africa,2031,3.62
africa,Africa,2032,3.56
africa,Africa,2033,3.5
africa,Africa,2034,3.45
africa,Africa,2035,3.4
africa,Africa,2036,3.34
africa,Africa,2037,3.29
africa,Africa,2038,3.24
africa,Africa,2039,3.2
africa,Africa,2040,3.15
africa,Africa,2041,3.11
africa,Africa,2042,3.07
africa,Africa,2043,3.03
africa,Africa,2044,2.99
africa,Africa,2045,2.95
africa,Africa,2046,2.92
africa,Africa,2047,2.88
africa,Africa,2048,2.85
africa,Africa,2049,2.82
africa,Africa,2050,2.79
africa,Africa,2051,2.76
africa,Africa,2052,2.73
africa,Africa,2053,2.7
africa,Africa,2054,2.67
africa,Africa,2055,2.65
africa,Africa,2056,2.62
africa,Africa,2057,2.6
africa,Africa,2058,2.58
africa,Africa,2059,2.55
africa,Africa,2060,2.53
africa,Africa,2061,2.51
africa,Africa,2062,2.49
africa,Africa,2063,2.47
africa,Africa,2064,2.45
africa,Africa,2065,2.43
africa,Africa,2066,2.41
africa,Africa,2067,2.39
africa,Africa,2068,2.38
africa,Africa,2069,2.36
africa,Africa,2070,2.34
africa,Africa,2071,2.33
africa,Africa,2072,2.31
africa,Africa,2073,2.3
africa,Africa,2074,2.28
africa,Africa,2075,2.27
africa,Africa,2076,2.26
africa,Africa,2077,2.24
africa,Africa,2078,2.23
africa,Africa,2079,2.22
africa,Africa,2080,2.2
africa,Africa,2081,2.19
africa,Africa,2082,2.18
africa,Africa,2083,2.17
africa,Africa,2084,2.16
africa,Africa,2085,2.14
africa,Africa,2086,2.14
africa,Africa,2087,2.12
africa,Africa,2088,2.12
africa,Africa,2089,2.1
africa,Africa,2090,2.09
africa,Africa,2091,2.09
africa,Africa,2092,2.08
africa,Africa,2093,2.07
africa,Africa,2094,2.06
africa,Africa,2095,2.05
africa,Africa,2096,2.04
africa,Africa,2097,2.04
africa,Africa,2098,2.03
africa,Africa,2099,2.02
africa,Africa,2100,2.01
asia,Asia,1800,5.72
asia,Asia,1801,5.72
asia,Asia,1802,5.72
asia,Asia,1803,5.72
asia,Asia,1804,5.72
asia,Asia,1805,5.72
asia,Asia,1806,5.72
asia,Asia,1807,5.72
asia,Asia,1808,5.72
asia,Asia,1809,5.72
asia,Asia,1810,5.72
asia,Asia,1811,5.72
asia,Asia,1812,5.72
asia,Asia,1813,5.72
asia,Asia,1814,5.72
asia,Asia,1815,5.72
asia,Asia,1816,5.72
asia,Asia,1817,5.72
asia,Asia,1818,5.72
asia,Asia,1819,5.72
asia,Asia,1820,5.72
asia,Asia,1821,5.72
asia,Asia,1822,5.72
asia,Asia,1823,5.72
asia,Asia,1824,5.72
asia,Asia,1825,5.72
asia,Asia,1826,5.72
asia,Asia,1827,5.72
asia,Asia,1828,5.72
asia,Asia,1829,5.72
asia,Asia,1830,5.72
asia,Asia,1831,5.72
asia,Asia,1832,5.72
asia,Asia,1833,5.72
asia,Asia,1834,5.72
asia,Asia,1835,5.72
asia,Asia,1836,5.72
asia,Asia,1837,5.72
asia,Asia,1838,5.72
asia,Asia,1839,5.72
asia,Asia,1840,5.72
asia,Asia,1841,5.72
asia,Asia,1842,5.72
asia,Asia,1843,5.72
asia,Asia,1844,5.73
asia,Asia,1845,5.73
asia,Asia,1846,5.73
asia,Asia,1847,5.73
asia,Asia,1848,5.73
asia,Asia,1849,5.73
asia,Asia,1850,5.73
asia,Asia,1851,5.74
asia,Asia,1852,5.74
asia,Asia,1853,5.74
asia,Asia,1854,5.74
asia,Asia,1855,5.74
asia,Asia,1856,5.75
asia,Asia,1857,5.75
asia,Asia,1858,5.75
asia,Asia,1859,5.75
asia,Asia,1860,5.75
asia,Asia,1861,5.75
asia,Asia,1862,5.76
asia,Asia,1863,5.76
asia,Asia,1864,5.75
asia,Asia,1865,5.75
asia,Asia,1866,5.74
asia,Asia,1867,5.73
asia,Asia,1868,5.73
asia,Asia,1869,5.72
asia,Asia,1870,5.72
asia,Asia,1871,5.71
asia,Asia,1872,5.7
asia,Asia,1873,5.7
asia,Asia,1874,5.7
asia,Asia,1875,5.71
asia,Asia,1876,5.71
asia,Asia,1877,5.7
asia,Asia,1878,5.7
asia,Asia,1879,5.7
asia,Asia,1880,5.7
asia,Asia,1881,5.7
asia,Asia,1882,5.69
asia,Asia,1883,5.69
asia,Asia,1884,5.67
asia,Asia,1885,5.67
asia,Asia,1886,5.67
asia,Asia,1887,5.67
asia,Asia,1888,5.68
asia,Asia,1889,5.68
asia,Asia,1890,5.66
asia,Asia,1891,5.66
asia,Asia,1892,5.67
asia,Asia,1893,5.66
asia,Asia,1894,5.67
asia,Asia,1895,5.66
asia,Asia,1896,5.67
asia,Asia,1897,5.68
asia,Asia,1898,5.68
asia,Asia,1899,5.68
asia,Asia,1900,5.68
asia,Asia,1901,5.69
asia,Asia,1902,5.68
asia,Asia,1903,5.68
asia,Asia,1904,5.65
asia,Asia,1905,5.64
asia,Asia,1906,5.64
asia,Asia,1907,5.68
asia,Asia,1908,5.69
asia,Asia,1909,5.68
asia,Asia,1910,5.67
asia,Asia,1911,5.68
asia,Asia,1912,5.67
asia,Asia,1913,5.67
asia,Asia,1914,5.66
asia,Asia,1915,5.65
asia,Asia,1916,5.64
asia,Asia,1917,5.65
asia,Asia,1918,5.63
asia,Asia,1919,5.61
asia,Asia,1920,5.66
asia,Asia,1921,5.67
asia,Asia,1922,5.67
asia,Asia,1923,5.68
asia,Asia,1924,5.67
asia,Asia,1925,5.68
asia,Asia,1926,5.68
asia,Asia,1927,5.67
asia,Asia,1928,5.68
asia,Asia,1929,5.67
asia,Asia,1930,5.67
asia,Asia,1931,5.66
asia,Asia,1932,5.66
asia,Asia,1933,5.64
asia,Asia,1934,5.63
asia,Asia,1935,5.64
asia,Asia,1936,5.62
asia,Asia,1937,5.63
asia,Asia,1938,5.58
asia,Asia,1939,5.57
asia,Asia,1940,5.58
asia,Asia,1941,5.56
asia,Asia,1942,5.51
asia,Asia,1943,5.47
asia,Asia,1944,5.41
asia,Asia,1945,5.31
asia,Asia,1946,5.42
asia,Asia,1947,5.58
asia,Asia,1948,5.45
asia,Asia,1949,5.7
asia,Asia,1950,5.55
asia,Asia,1951,5.53
asia,Asia,1952,5.86
asia,Asia,1953,5.71
asia,Asia,1954,5.83
asia,Asia,1955,5.83
asia,Asia,1956,5.67
asia,Asia,1957,5.92
asia,Asia,1958,5.64
asia,Asia,1959,5.21
asia,Asia,1960,5.13
asia,Asia,1961,4.89
asia,Asia,1962,5.82
asia,Asia,1963,6.38
asia,Asia,1964,6.02
asia,Asia,1965,5.99
asia,Asia,1966,5.86
asia,Asia,1967,5.65
asia,Asia,1968,5.91
asia,Asia,1969,5.75
asia,Asia,1970,5.69
asia,Asia,1971,5.44
asia,Asia,1972,5.24
asia,Asia,1973,5.04
asia,Asia,1974,4.77
asia,Asia,1975,4.47
asia,Asia,1976,4.3
asia,Asia,1977,4.09
asia,Asia,1978,4
asia,Asia,1979,3.98
asia,Asia,1980,3.95
asia,Asia,1981,3.93
asia,Asia,1982,3.96
asia,Asia,1983,3.77
asia,Asia,1984,3.75
asia,Asia,1985,3.7
asia,Asia,1986,3.69
asia,Asia,1987,3.64
asia,Asia,1988,3.51
asia,Asia,1989,3.45
asia,Asia,1990,3.4
asia,Asia,1991,3.14
asia,Asia,1992,3.03
asia,Asia,1993,2.95
asia,Asia,1994,2.88
asia,Asia,1995,2.82
asia,Asia,1996,2.76
asia,Asia,1997,2.71
asia,Asia,1998,2.66
asia,Asia,1999,2.63
asia,Asia,2000,2.64
asia,Asia,2001,2.58
asia,Asia,2002,2.55
asia,Asia,2003,2.5
asia,Asia,2004,2.48
asia,Asia,2005,2.44
asia,Asia,2006,2.42
asia,Asia,2007,2.4
asia,Asia,2008,2.39
asia,Asia,2009,2.37
asia,Asia,2010,2.34
asia,Asia,2011,2.31
asia,Asia,2012,2.32
asia,Asia,2013,2.26
asia,Asia,2014,2.24
asia,Asia,2015,2.2
asia,Asia,2016,2.21
asia,Asia,2017,2.18
asia,Asia,2018,2.08
asia,Asia,2019,2.04
asia,Asia,2020,1.93
asia,Asia,2021,1.87
asia,Asia,2022,1.83
asia,Asia,2023,1.82
asia,Asia,2024,1.81
asia,Asia,2025,1.81
asia,Asia,2026,1.8
asia,Asia,2027,1.8
asia,Asia,2028,1.79
asia,Asia,2029,1.78
asia,Asia,2030,1.78
asia,Asia,2031,1.77
asia,Asia,2032,1.77
asia,Asia,2033,1.76
asia,Asia,2034,1.76
asia,Asia,2035,1.76
asia,Asia,2036,1.75
asia,Asia,2037,1.75
asia,Asia,2038,1.75
asia,Asia,2039,1.75
asia,Asia,2040,1.74
asia,Asia,2041,1.74
asia,Asia,2042,1.74
asia,Asia,2043,1.74
asia,Asia,2044,1.74
asia,Asia,2045,1.73
asia,Asia,2046,1.73
asia,Asia,2047,1.73
asia,Asia,2048,1.73
asia,Asia,2049,1.73
asia,Asia,2050,1.73
asia,Asia,2051,1.73
asia,Asia,2052,1.72
asia,Asia,2053,1.72
asia,Asia,2054,1.72
asia,Asia,2055,1.72
asia,Asia,2056,1.72
asia,Asia,2057,1.72
asia,Asia,2058,1.72
asia,Asia,2059,1.72
asia,Asia,2060,1.72
asia,Asia,2061,1.71
asia,Asia,2062,1.71
asia,Asia,2063,1.72
asia,Asia,2064,1.72
asia,Asia,2065,1.71
asia,Asia,2066,1.71
asia,Asia,2067,1.71
asia,Asia,2068,1.71
asia,Asia,2069,1.71
asia,Asia,2070,1.71
asia,Asia,2071,1.71
asia,Asia,2072,1.71
asia,Asia,2073,1.71
asia,Asia,2074,1.71
asia,Asia,2075,1.71
asia,Asia,2076,1.71
asia,Asia,2077,1.71
asia,Asia,2078,1.7
asia,Asia,2079,1.7
asia,Asia,2080,1.71
asia,Asia,2081,1.7
asia,Asia,2082,1.7
asia,Asia,2083,1.7
asia,Asia,2084,1.7
asia,Asia,2085,1.7
asia,Asia,2086,1.7
asia,Asia,2087,1.7
asia,Asia,2088,1.7
asia,Asia,2089,1.7
asia,Asia,2090,1.7
asia,Asia,2091,1.7
asia,Asia,2092,1.7
asia,Asia,2093,1.7
asia,Asia,2094,1.7
asia,Asia,2095,1.7
asia,Asia,2096,1.7
asia,Asia,2097,1.7
asia,Asia,2098,1.69
asia,Asia,2099,1.7
asia,Asia,2100,1.69
europe,Europe,1800,5.66
europe,Europe,1801,5.63
europe,Europe,1802,5.66
europe,Europe,1803,5.66
europe,Europe,1804,5.65
europe,Europe,1805,5.64
europe,Europe,1806,5.62
europe,Europe,1807,5.61
europe,Europe,1808,5.59
europe,Europe,1809,5.56
europe,Europe,1810,5.57
europe,Europe,1811,5.58
europe,Europe,1812,5.56
europe,Europe,1813,5.56
europe,Europe,1814,5.55
europe,Europe,1815,5.6
europe,Europe,1816,5.58
europe,Europe,1817,5.57
europe,Europe,1818,5.56
europe,Europe,1819,5.56
europe,Europe,1820,5.54
europe,Europe,1821,5.57
europe,Europe,1822,5.56
europe,Europe,1823,5.54
europe,Europe,1824,5.5
europe,Europe,1825,5.56
europe,Europe,1826,5.51
europe,Europe,1827,5.47
europe,Europe,1828,5.47
europe,Europe,1829,5.43
europe,Europe,1830,5.4
europe,Europe,1831,5.39
europe,Europe,1832,5.39
europe,Europe,1833,5.44
europe,Europe,1834,5.45
europe,Europe,1835,5.4
europe,Europe,1836,5.42
europe,Europe,1837,5.42
europe,Europe,1838,5.39
europe,Europe,1839,5.42
europe,Europe,1840,5.43
europe,Europe,1841,5.41
europe,Europe,1842,5.43
europe,Europe,1843,5.42
europe,Europe,1844,5.42
europe,Europe,1845,5.38
europe,Europe,1846,5.4
europe,Europe,1847,5.36
europe,Europe,1848,5.36
europe,Europe,1849,5.4
europe,Europe,1850,5.41
europe,Europe,1851,5.38
europe,Europe,1852,5.34
europe,Europe,1853,5.29
europe,Europe,1854,5.26
europe,Europe,1855,5.18
europe,Europe,1856,5.23
europe,Europe,1857,5.24
europe,Europe,1858,5.27
europe,Europe,1859,5.33
europe,Europe,1860,5.31
europe,Europe,1861,5.33
europe,Europe,1862,5.36
europe,Europe,1863,5.36
europe,Europe,1864,5.37
europe,Europe,1865,5.35
europe,Europe,1866,5.33
europe,Europe,1867,5.31
europe,Europe,1868,5.25
europe,Europe,1869,5.31
europe,Europe,1870,5.32
europe,Europe,1871,5.31
europe,Europe,1872,5.33
europe,Europe,1873,5.42
europe,Europe,1874,5.43
europe,Europe,1875,5.44
europe,Europe,1876,5.41
europe,Europe,1877,5.34
europe,Europe,1878,5.26
europe,Europe,1879,5.34
europe,Europe,1880,5.27
europe,Europe,1881,5.26
europe,Europe,1882,5.33
europe,Europe,1883,5.31
europe,Europe,1884,5.3
europe,Europe,1885,5.28
europe,Europe,1886,5.22
europe,Europe,1887,5.22
europe,Europe,1888,5.26
europe,Europe,1889,5.23
europe,Europe,1890,5.15
europe,Europe,1891,5.29
europe,Europe,1892,5.1
europe,Europe,1893,5.21
europe,Europe,1894,5.2
europe,Europe,1895,5.22
europe,Europe,1896,5.22
europe,Europe,1897,5.2
europe,Europe,1898,5.11
europe,Europe,1899,5.13
europe,Europe,1900,5.1
europe,Europe,1901,5.06
europe,Europe,1902,5.06
europe,Europe,1903,4.98
europe,Europe,1904,4.96
europe,Europe,1905,4.83
europe,Europe,1906,4.86
europe,Europe,1907,4.83
europe,Europe,1908,4.85
europe,Europe,1909,4.75
europe,Europe,1910,4.69
europe,Europe,1911,4.65
europe,Europe,1912,4.58
europe,Europe,1913,4.52
europe,Europe,1914,4.43
europe,Europe,1915,3.63
europe,Europe,1916,3.8
europe,Europe,1917,3.63
europe,Europe,1918,3.68
europe,Europe,1919,3.38
europe,Europe,1920,4.2
europe,Europe,1921,3.83
europe,Europe,1922,4.01
europe,Europe,1923,4.09
europe,Europe,1924,4.06
europe,Europe,1925,4.02
europe,Europe,1926,3.95
europe,Europe,1927,3.84
europe,Europe,1928,3.82
europe,Europe,1929,3.7
europe,Europe,1930,3.62
europe,Europe,1931,3.5
europe,Europe,1932,3.35
europe,Europe,1933,3.09
europe,Europe,1934,3.04
europe,Europe,1935,3.13
europe,Europe,1936,3.16
europe,Europe,1937,3.21
europe,Europe,1938,3.21
europe,Europe,1939,3.19
europe,Europe,1940,3.08
europe,Europe,1941,3.04
europe,Europe,1942,2.74
europe,Europe,1943,2.59
europe,Europe,1944,2.59
europe,Europe,1945,2.55
europe,Europe,1946,2.95
europe,Europe,1947,3
europe,Europe,1948,2.92
europe,Europe,1949,2.98
europe,Europe,1950,2.85
europe,Europe,1951,2.83
europe,Europe,1952,2.82
europe,Europe,1953,2.79
europe,Europe,1954,2.82
europe,Europe,1955,2.81
europe,Europe,1956,2.8
europe,Europe,1957,2.81
europe,Europe,1958,2.79
europe,Europe,1959,2.8
europe,Europe,1960,2.79
europe,Europe,1961,2.78
europe,Europe,1962,2.74
europe,Europe,1963,2.74
europe,Europe,1964,2.72
europe,Europe,1965,2.67
europe,Europe,1966,2.65
europe,Europe,1967,2.64
europe,Europe,1968,2.59
europe,Europe,1969,2.54
europe,Europe,1970,2.48
europe,Europe,1971,2.47
europe,Europe,1972,2.4
europe,Europe,1973,2.32
europe,Europe,1974,2.31
europe,Europe,1975,2.24
europe,Europe,1976,2.2
europe,Europe,1977,2.16
europe,Europe,1978,2.13
europe,Europe,1979,2.11
europe,Europe,1980,2.09
europe,Europe,1981,2.05
europe,Europe,1982,2.04
europe,Europe,1983,2.04
europe,Europe,1984,2.01
europe,Europe,1985,1.99
europe,Europe,1986,2
europe,Europe,1987,1.99
europe,Europe,1988,1.97
europe,Europe,1989,1.91
europe,Europe,1990,1.86
europe,Europe,1991,1.79
europe,Europe,1992,1.72
europe,Europe,1993,1.64
europe,Europe,1994,1.6
europe,Europe,1995,1.56
europe,Europe,1996,1.54
europe,Europe,1997,1.52
europe,Europe,1998,1.5
europe,Europe,1999,1.48
europe,Europe,2000,1.48
europe,Europe,2001,1.47
europe,Europe,2002,1.47
europe,Europe,2003,1.49
europe,Europe,2004,1.51
europe,Europe,2005,1.51
europe,Europe,2006,1.54
europe,Europe,2007,1.58
europe,Europe,2008,1.63
europe,Europe,2009,1.64
europe,Europe,2010,1.64
europe,Europe,2011,1.62
europe,Europe,2012,1.66
europe,Europe,2013,1.64
europe,Europe,2014,1.67
europe,Europe,2015,1.66
europe,Europe,2016,1.67
europe,Europe,2017,1.63
europe,Europe,2018,1.59
europe,Europe,2019,1.55
europe,Europe,2020,1.52
europe,Europe,2021,1.52
europe,Europe,2022,1.46
europe,Europe,2023,1.44
europe,Europe,2024,1.44
europe,Europe,2025,1.45
europe,Europe,2026,1.45
europe,Europe,2027,1.45
europe,Europe,2028,1.46
europe,Europe,2029,1.46
europe,Europe,2030,1.46
europe,Europe,2031,1.46
europe,Europe,2032,1.47
europe,Europe,2033,1.47
europe,Europe,2034,1.47
europe,Europe,2035,1.48
europe,Europe,2036,1.48
europe,Europe,2037,1.48
europe,Europe,2038,1.48
europe,Europe,2039,1.49
europe,Europe,2040,1.49
europe,Europe,2041,1.49
europe,Europe,2042,1.5
europe,Europe,2043,1.5
europe,Europe,2044,1.5
europe,Europe,2045,1.51
europe,Europe,2046,1.51
europe,Europe,2047,1.51
europe,Europe,2048,1.51
europe,Europe,2049,1.52
europe,Europe,2050,1.52
europe,Europe,2051,1.52
europe,Europe,2052,1.52
europe,Europe,2053,1.52
europe,Europe,2054,1.52
europe,Europe,2055,1.53
europe,Europe,2056,1.53
europe,Europe,2057,1.53
europe,Europe,2058,1.53
europe,Europe,2059,1.53
europe,Europe,2060,1.53
europe,Europe,2061,1.54
europe,Europe,2062,1.54
europe,Europe,2063,1.54
europe,Europe,2064,1.54
europe,Europe,2065,1.54
europe,Europe,2066,1.54
europe,Europe,2067,1.54
europe,Europe,2068,1.54
europe,Europe,2069,1.55
europe,Europe,2070,1.55
europe,Europe,2071,1.55
europe,Europe,2072,1.55
europe,Europe,2073,1.55
europe,Europe,2074,1.55
europe,Europe,2075,1.55
europe,Europe,2076,1.55
europe,Europe,2077,1.56
europe,Europe,2078,1.56
europe,Europe,2079,1.56
europe,Europe,2080,1.56
europe,Europe,2081,1.56
europe,Europe,2082,1.56
europe,Europe,2083,1.56
europe,Europe,2084,1.56
europe,Europe,2085,1.56
europe,Europe,2086,1.56
europe,Europe,2087,1.57
europe,Europe,2088,1.57
europe,Europe,2089,1.57
europe,Europe,2090,1.57
europe,Europe,2091,1.57
europe,Europe,2092,1.57
europe,Europe,2093,1.57
europe,Europe,2094,1.57
europe,Europe,2095,1.58
europe,Europe,2096,1.58
europe,Europe,2097,1.57
europe,Europe,2098,1.58
europe,Europe,2099,1.58
europe,Europe,2100,1.58
americas,The Americas,1800,6.55
americas,The Americas,1801,6.55
americas,The Americas,1802,6.54
americas,The Americas,1803,6.54
americas,The Americas,1804,6.53
americas,The Americas,1805,6.53
americas,The Americas,1806,6.52
americas,The Americas,1807,6.52
americas,The Americas,1808,6.51
americas,The Americas,1809,6.51
americas,The Americas,1810,6.5
americas,The Americas,1811,6.5
americas,The Americas,1812,6.49
americas,The Americas,1813,6.49
americas,The Americas,1814,6.48
americas,The Americas,1815,6.48
americas,The Americas,1816,6.47
americas,The Americas,1817,6.46
americas,The Americas,1818,6.46
americas,The Americas,1819,6.45
americas,The Americas,1820,6.45
americas,The Americas,1821,6.44
americas,The Americas,1822,6.43
americas,The Americas,1823,6.42
americas,The Americas,1824,6.42
americas,The Americas,1825,6.41
americas,The Americas,1826,6.4
americas,The Americas,1827,6.39
americas,The Americas,1828,6.38
americas,The Americas,1829,6.37
americas,The Americas,1830,6.37
americas,The Americas,1831,6.36
americas,The Americas,1832,6.35
americas,The Americas,1833,6.34
americas,The Americas,1834,6.34
americas,The Americas,1835,6.33
americas,The Americas,1836,6.32
americas,The Americas,1837,6.32
americas,The Americas,1838,6.31
americas,The Americas,1839,6.3
americas,The Americas,1840,6.29
americas,The Americas,1841,6.28
americas,The Americas,1842,6.26
americas,The Americas,1843,6.24
americas,The Americas,1844,6.22
americas,The Americas,1845,6.21
americas,The Americas,1846,6.19
americas,The Americas,1847,6.17
americas,The Americas,1848,6.15
americas,The Americas,1849,6.13
americas,The Americas,1850,6.11
americas,The Americas,1851,6.09
americas,The Americas,1852,6.07
americas,The Americas,1853,6.04
americas,The Americas,1854,6.01
americas,The Americas,1855,5.99
americas,The Americas,1856,5.97
americas,The Americas,1857,5.94
americas,The Americas,1858,5.9
americas,The Americas,1859,5.88
americas,The Americas,1860,5.87
americas,The Americas,1861,5.83
americas,The Americas,1862,5.82
americas,The Americas,1863,5.79
americas,The Americas,1864,5.78
americas,The Americas,1865,5.74
americas,The Americas,1866,5.72
americas,The Americas,1867,5.71
americas,The Americas,1868,5.69
americas,The Americas,1869,5.67
americas,The Americas,1870,5.65
americas,The Americas,1871,5.63
americas,The Americas,1872,5.61
americas,The Americas,1873,5.6
americas,The Americas,1874,5.58
americas,The Americas,1875,5.55
americas,The Americas,1876,5.53
americas,The Americas,1877,5.51
americas,The Americas,1878,5.48
americas,The Americas,1879,5.48
americas,The Americas,1880,5.46
americas,The Americas,1881,5.46
americas,The Americas,1882,5.42
americas,The Americas,1883,5.39
americas,The Americas,1884,5.35
americas,The Americas,1885,5.27
americas,The Americas,1886,5.26
americas,The Americas,1887,5.24
americas,The Americas,1888,5.22
americas,The Americas,1889,5.2
americas,The Americas,1890,5.16
americas,The Americas,1891,5.12
americas,The Americas,1892,5.1
americas,The Americas,1893,5.08
americas,The Americas,1894,5.07
americas,The Americas,1895,5.04
americas,The Americas,1896,4.98
americas,The Americas,1897,4.93
americas,The Americas,1898,4.89
americas,The Americas,1899,4.86
americas,The Americas,1900,4.84
americas,The Americas,1901,4.82
americas,The Americas,1902,4.8
americas,The Americas,1903,4.8
americas,The Americas,1904,4.77
americas,The Americas,1905,4.75
americas,The Americas,1906,4.73
americas,The Americas,1907,4.7
americas,The Americas,1908,4.67
americas,The Americas,1909,4.64
americas,The Americas,1910,4.64
americas,The Americas,1911,4.62
americas,The Americas,1912,4.6
americas,The Americas,1913,4.53
americas,The Americas,1914,4.58
americas,The Americas,1915,4.54
americas,The Americas,1916,4.5
americas,The Americas,1917,4.41
americas,The Americas,1918,4.41
americas,The Americas,1919,4.29
americas,The Americas,1920,4.39
americas,The Americas,1921,4.44
americas,The Americas,1922,4.32
americas,The Americas,1923,4.31
americas,The Americas,1924,4.31
americas,The Americas,1925,4.25
americas,The Americas,1926,4.19
americas,The Americas,1927,4.15
americas,The Americas,1928,4.05
americas,The Americas,1929,3.98
americas,The Americas,1930,3.97
americas,The Americas,1931,3.9
americas,The Americas,1932,3.85
americas,The Americas,1933,3.68
americas,The Americas,1934,3.71
americas,The Americas,1935,3.69
americas,The Americas,1936,3.67
americas,The Americas,1937,3.68
americas,The Americas,1938,3.73
americas,The Americas,1939,3.71
americas,The Americas,1940,3.76
americas,The Americas,1941,3.83
americas,The Americas,1942,3.97
americas,The Americas,1943,4.05
americas,The Americas,1944,4.01
americas,The Americas,1945,4
americas,The Americas,1946,4.26
americas,The Americas,1947,4.44
americas,The Americas,1948,4.4
americas,The Americas,1949,4.44
americas,The Americas,1950,4.47
americas,The Americas,1951,4.55
americas,The Americas,1952,4.61
americas,The Americas,1953,4.65
americas,The Americas,1954,4.72
americas,The Americas,1955,4.75
americas,The Americas,1956,4.82
americas,The Americas,1957,4.87
americas,The Americas,1958,4.89
americas,The Americas,1959,4.9
americas,The Americas,1960,4.9
americas,The Americas,1961,4.88
americas,The Americas,1962,4.8
americas,The Americas,1963,4.73
americas,The Americas,1964,4.64
americas,The Americas,1965,4.48
americas,The Americas,1966,4.33
americas,The Americas,1967,4.2
americas,The Americas,1968,4.11
americas,The Americas,1969,4.06
americas,The Americas,1970,4.02
americas,The Americas,1971,3.88
americas,The Americas,1972,3.72
americas,The Americas,1973,3.61
americas,The Americas,1974,3.53
americas,The Americas,1975,3.46
americas,The Americas,1976,3.4
americas,The Americas,1977,3.36
americas,The Americas,1978,3.3
americas,The Americas,1979,3.26
americas,The Americas,1980,3.21
americas,The Americas,1981,3.16
americas,The Americas,1982,3.11
americas,The Americas,1983,3.05
americas,The Americas,1984,3
americas,The Americas,1985,2.95
americas,The Americas,1986,2.9
americas,The Americas,1987,2.86
americas,The Americas,1988,2.83
americas,The Americas,1989,2.81
americas,The Americas,1990,2.79
americas,The Americas,1991,2.75
americas,The Americas,1992,2.7
americas,The Americas,1993,2.65
americas,The Americas,1994,2.61
americas,The Americas,1995,2.56
americas,The Americas,1996,2.52
americas,The Americas,1997,2.48
americas,The Americas,1998,2.45
americas,The Americas,1999,2.42
americas,The Americas,2000,2.39
americas,The Americas,2001,2.34
americas,The Americas,2002,2.3
americas,The Americas,2003,2.27
americas,The Americas,2004,2.24
americas,The Americas,2005,2.22
americas,The Americas,2006,2.21
americas,The Americas,2007,2.19
americas,The Americas,2008,2.16
americas,The Americas,2009,2.12
americas,The Americas,2010,2.08
americas,The Americas,2011,2.06
americas,The Americas,2012,2.03
americas,The Americas,2013,2.01
americas,The Americas,2014,2
americas,The Americas,2015,1.97
americas,The Americas,2016,1.93
americas,The Americas,2017,1.89
americas,The Americas,2018,1.87
americas,The Americas,2019,1.83
americas,The Americas,2020,1.76
americas,The Americas,2021,1.75
americas,The Americas,2022,1.75
americas,The Americas,2023,1.72
americas,The Americas,2024,1.71
americas,The Americas,2025,1.7
americas,The Americas,2026,1.7
americas,The Americas,2027,1.69
americas,The Americas,2028,1.69
americas,The Americas,2029,1.68
americas,The Americas,2030,1.68
americas,The Americas,2031,1.67
americas,The Americas,2032,1.67
americas,The Americas,2033,1.67
americas,The Americas,2034,1.67
americas,The Americas,2035,1.66
americas,The Americas,2036,1.66
americas,The Americas,2037,1.66
americas,The Americas,2038,1.66
americas,The Americas,2039,1.66
americas,The Americas,2040,1.66
americas,The Americas,2041,1.66
americas,The Americas,2042,1.65
americas,The Americas,2043,1.65
americas,The Americas,2044,1.65
americas,The Americas,2045,1.65
americas,The Americas,2046,1.65
americas,The Americas,2047,1.65
americas,The Americas,2048,1.65
americas,The Americas,2049,1.64
americas,The Americas,2050,1.64
americas,The Americas,2051,1.64
americas,The Americas,2052,1.64
americas,The Americas,2053,1.64
americas,The Americas,2054,1.64
americas,The Americas,2055,1.64
americas,The Americas,2056,1.64
americas,The Americas,2057,1.64
americas,The Americas,2058,1.64
americas,The Americas,2059,1.64
americas,The Americas,2060,1.64
americas,The Americas,2061,1.64
americas,The Americas,2062,1.64
americas,The Americas,2063,1.64
americas,The Americas,2064,1.64
americas,The Americas,2065,1.64
americas,The Americas,2066,1.64
americas,The Americas,2067,1.64
americas,The Americas,2068,1.64
americas,The Americas,2069,1.64
americas,The Americas,2070,1.64
americas,The Americas,2071,1.64
americas,The Americas,2072,1.64
americas,The Americas,2073,1.64
americas,The Americas,2074,1.64
americas,The Americas,2075,1.64
americas,The Americas,2076,1.64
americas,The Americas,2077,1.64
americas,The Americas,2078,1.64
americas,The Americas,2079,1.64
americas,The Americas,2080,1.64
americas,The Americas,2081,1.64
americas,The Americas,2082,1.64
americas,The Americas,2083,1.64
americas,The Americas,2084,1.64
americas,The Americas,2085,1.64
americas,The Americas,2086,1.64
americas,The Americas,2087,1.64
americas,The Americas,2088,1.64
americas,The Americas,2089,1.64
americas,The Americas,2090,1.64
americas,The Americas,2091,1.64
americas,The Americas,2092,1.64
americas,The Americas,2093,1.64
americas,The Americas,2094,1.64
americas,The Americas,2095,1.64
americas,The Americas,2096,1.64
americas,The Americas,2097,1.64
americas,The Americas,2098,1.64
americas,The Americas,2099,1.64
americas,The Americas,2100,1.64